{
  "dataset": {
    "positives": 194358,
    "controls": 194358,
    "feature_dim": 42,
    "positive_digit_lengths": "6d:12, 7d:90, 8d:23006, 9d:33622, 10d:137628",
    "control_digit_lengths": "6d:12, 7d:90, 8d:23006, 9d:33622, 10d:137628"
  },
  "search": {
    "mode": "random",
    "trials": 10000,
    "out_dim": 10,
    "coeff_low": -3,
    "coeff_high": 3,
    "keep_top": 20,
    "seed": 7,
    "search_sample_per_class": 4000,
    "controls_per_positive": 1,
    "cv_folds": 5,
    "ramanujan_order": null
  },
  "candidate": {
    "heuristic_score": 0.149488475,
    "separation": 0.11587500000000002,
    "code_auc": 0.614189125,
    "diversity": 0.1145,
    "rf_cv_auc_scores": [
      0.6618337936296672,
      0.6637208247655269,
      0.6630632028153938,
      0.6635726844868147,
      0.664420128231497
    ],
    "rf_cv_auc_mean": 0.6633221267857798,
    "positive_mean_signature": [
      0.4115,
      0.489,
      0.55825,
      0.40725,
      0.54,
      0.498,
      0.4435,
      0.54875,
      0.40625,
      0.41275
    ],
    "negative_mean_signature": [
      0.608,
      0.50675,
      0.43825,
      0.592,
      0.47125,
      0.5285,
      0.549,
      0.439,
      0.56725,
      0.577
    ],
    "matrix": [
      [
        -3,
        3,
        -2,
        3,
        0,
        1,
        0,
        0,
        1,
        3,
        -1,
        2,
        -3,
        -3,
        1,
        -2,
        -1,
        -2,
        -3,
        3,
        3,
        3,
        1,
        3,
        0,
        -2,
        1,
        3,
        -3,
        0,
        -2,
        3,
        2,
        1,
        0,
        1,
        -3,
        -1,
        -2,
        2,
        0,
        -3
      ],
      [
        -2,
        0,
        -1,
        -1,
        2,
        2,
        -1,
        2,
        2,
        2,
        0,
        -1,
        -1,
        -1,
        -2,
        -2,
        3,
        3,
        1,
        3,
        -2,
        -2,
        -2,
        -1,
        1,
        0,
        -3,
        1,
        3,
        3,
        -1,
        -2,
        -1,
        3,
        0,
        -1,
        0,
        0,
        1,
        3,
        1,
        -1
      ],
      [
        -2,
        0,
        -3,
        -3,
        -2,
        0,
        -2,
        -1,
        1,
        -3,
        -1,
        -3,
        -3,
        2,
        3,
        1,
        0,
        0,
        3,
        2,
        3,
        3,
        -3,
        -2,
        1,
        -3,
        -1,
        -3,
        0,
        -3,
        -3,
        2,
        2,
        0,
        2,
        3,
        -2,
        3,
        -2,
        -2,
        2,
        -1
      ],
      [
        2,
        1,
        0,
        3,
        2,
        3,
        0,
        -1,
        -2,
        1,
        -3,
        -3,
        -3,
        1,
        -2,
        3,
        1,
        0,
        -2,
        -1,
        1,
        -1,
        3,
        2,
        -1,
        -3,
        -2,
        3,
        -3,
        1,
        0,
        -1,
        1,
        -3,
        -3,
        -3,
        1,
        0,
        -3,
        -2,
        1,
        -3
      ],
      [
        -3,
        -3,
        3,
        3,
        -3,
        -1,
        3,
        1,
        3,
        -3,
        0,
        3,
        0,
        -1,
        3,
        -1,
        2,
        3,
        -3,
        -2,
        2,
        1,
        2,
        0,
        -3,
        0,
        -1,
        3,
        -1,
        2,
        -1,
        -2,
        -1,
        2,
        -2,
        1,
        2,
        -1,
        1,
        0,
        -2,
        3
      ],
      [
        0,
        -3,
        1,
        0,
        -1,
        -1,
        -3,
        2,
        -3,
        0,
        2,
        -3,
        3,
        0,
        -3,
        -2,
        3,
        2,
        -3,
        1,
        3,
        -2,
        3,
        1,
        -2,
        -2,
        3,
        -2,
        2,
        -3,
        0,
        0,
        0,
        -3,
        1,
        -2,
        2,
        2,
        3,
        1,
        -3,
        -3
      ],
      [
        1,
        0,
        1,
        3,
        -3,
        0,
        1,
        -1,
        -1,
        2,
        3,
        -2,
        -1,
        -3,
        -1,
        2,
        1,
        -2,
        -1,
        2,
        -2,
        2,
        -1,
        -1,
        2,
        -3,
        -1,
        0,
        -1,
        -1,
        2,
        0,
        2,
        -2,
        2,
        3,
        -2,
        0,
        1,
        0,
        -3,
        3
      ],
      [
        0,
        0,
        -3,
        0,
        -2,
        2,
        2,
        3,
        -2,
        -2,
        0,
        2,
        -1,
        2,
        1,
        3,
        -2,
        1,
        2,
        0,
        -3,
        2,
        1,
        1,
        -2,
        -3,
        -2,
        2,
        -3,
        2,
        -3,
        0,
        -2,
        -3,
        2,
        1,
        3,
        3,
        2,
        0,
        3,
        2
      ],
      [
        1,
        1,
        3,
        2,
        -3,
        2,
        1,
        -3,
        1,
        2,
        3,
        -1,
        -3,
        1,
        0,
        -2,
        -1,
        -2,
        -3,
        -2,
        2,
        -2,
        -1,
        2,
        -1,
        0,
        -2,
        2,
        -2,
        3,
        -2,
        -3,
        -1,
        0,
        -3,
        3,
        2,
        0,
        3,
        -2,
        2,
        -3
      ],
      [
        -1,
        3,
        -3,
        3,
        2,
        0,
        0,
        -1,
        0,
        0,
        0,
        0,
        -2,
        3,
        -3,
        -2,
        3,
        -2,
        3,
        1,
        2,
        0,
        3,
        -1,
        1,
        1,
        -2,
        0,
        3,
        3,
        2,
        2,
        -1,
        2,
        1,
        1,
        -2,
        1,
        0,
        2,
        0,
        3
      ]
    ],